{
	"info": {
		"_postman_id": "1720d17a-ef3b-48ee-bb3d-fb7505d302ec",
		"name": "java003-batch3",
		"schema": "https://schema.getpostman.com/json/collection/v2.1.0/collection.json"
	},
	"item": [
		{
			"name": "[POST] Create Employee",
			"request": {
				"method": "POST",
				"header": [],
				"body": {
					"mode": "raw",
					"raw": "{\r\n    \"id\": 1,\r\n    \"name\": \"ironman\",\r\n    \"phoneNumber\": \"0857111\"\r\n}",
					"options": {
						"raw": {
							"language": "json"
						}
					}
				},
				"url": {
					"raw": "localhost:8080/api/employee",
					"host": [
						"localhost"
					],
					"port": "8080",
					"path": [
						"api",
						"employee"
					]
				}
			},
			"response": []
		},
		{
			"name": "[GET] List Semua Employee",
			"request": {
				"method": "GET",
				"header": [],
				"url": {
					"raw": "localhost:8080/api/employee",
					"host": [
						"localhost"
					],
					"port": "8080",
					"path": [
						"api",
						"employee"
					]
				}
			},
			"response": []
		},
		{
			"name": "[GET] Get Employee by ID",
			"request": {
				"method": "GET",
				"header": [],
				"url": {
					"raw": "localhost:8080/api/employee/1",
					"host": [
						"localhost"
					],
					"port": "8080",
					"path": [
						"api",
						"employee",
						"1"
					]
				}
			},
			"response": []
		},
		{
			"name": "[PUT] Update Employee",
			"request": {
				"method": "PUT",
				"header": [],
				"body": {
					"mode": "raw",
					"raw": "{\r\n    \"name\": \"ironman-updated-2\",\r\n    \"phoneNumber\": \"0811165728\"\r\n}",
					"options": {
						"raw": {
							"language": "json"
						}
					}
				},
				"url": {
					"raw": "localhost:8080/api/employee/1",
					"host": [
						"localhost"
					],
					"port": "8080",
					"path": [
						"api",
						"employee",
						"1"
					]
				}
			},
			"response": []
		}
	]
}